{
    "loss": 3.0666449069976807,
    "accuracy": 0.24400000274181366
}