{
    "loss": 3.195744037628174,
    "accuracy": 0.20200000703334808
}